TTTAAACGCAGAGATGAGCCTGGTAAC	43	ENSRNOT00000026088,ENSRNOT00000099999
TTTAAACGCAGAGATGAGCCTGGTAAC	477	ENSRNOT00000099852
TTTAAACGCAGAGATGAGCCTGGTAAC	322	ENSRNOT00000096886
TTTAAACGCAGAGATGAGCCTGGTAAC	87	ENSRNOT00000012974
TTTAAACGGATATTCTGGAGGAAACTT	93	ENSRNOT00000023773,ENSRNOT00000111604
TTTAAACGGCGAGTTCCCGTTAAACGT	12	ENSRNOT00000087931
TTTAAACGGCGGACATGAAATCCGAGG	9	ENSRNOT00000028187
TTTAAACGTGCTGAGGCCTTATCGAAA	424	ENSRNOT00000038511
TTTAAACGTGGTAGAACCTCCGACTAC	543	ENSRNOT00000103693
TTTAAGTTTTTGATCTATGGTAGGACT	111	ENSRNOT00000104471
