TTTAAACGCAGAGATGAGCCTGGTAAC	43	ENSRNOT00000026088,ENSRNOT00000099999	Zfp108,Zfp108
TTTAAACGCAGAGATGAGCCTGGTAAC	477	ENSRNOT00000099852	Or12j5
TTTAAACGCAGAGATGAGCCTGGTAAC	322	ENSRNOT00000096886	Or56b6c
TTTAAACGCAGAGATGAGCCTGGTAAC	87	ENSRNOT00000012974	Or5p66
TTTAAACGGATATTCTGGAGGAAACTT	93	ENSRNOT00000023773,ENSRNOT00000111604	Hs3st2,Bloc1s2
TTTAAACGGCGAGTTCCCGTTAAACGT	12	ENSRNOT00000087931	Zfp382
TTTAAACGGCGGACATGAAATCCGAGG	9	ENSRNOT00000028187	Zfp382
TTTAAACGTGCTGAGGCCTTATCGAAA	424	ENSRNOT00000038511	Mphosph10
TTTAAACGTGGTAGAACCTCCGACTAC	543	ENSRNOT00000103693	Mphosph10
TTTAAGTTTTTGATCTATGGTAGGACT	111	ENSRNOT00000104471	Ercc1
